Workbook

Sheet Corpus_Flow
A2: Corpus construction and screening
A4: Population | B4: Comment or episode count | G4: Notes
A5: Source comments | B5: 23609 | G5: Parent posts are context, not additional comments.
A6: Analytic comments | B6: 18246 | G6: Episodes are selected source threads, not another screening stage.
A7: Excluded comments | B7: =B5-B6 -> 5363 | G7: Rules document the retained historical screening record.
A8: Selected episodes | B8: 20
A9: Episode raw comments | B9: 3732
A10: Episode retained comments | B10: 3133
A11: Episode excluded comments | B11: 599
A14: Sequential recorded exclusions
A16: Step | B16: Before | C16: Removed | D16: Remaining | E16: Documented rule
A17: X1 | B17: =B5 -> 23609 | C17: 0 | D17: =B17-C17 -> 23609 | E17: Empty text
A18: X2 | B18: =D17 -> 23609 | C18: 2 | D18: =B18-C18 -> 23607 | E18: Platform system message
A19: X3 | B19: =D18 -> 23607 | C19: 1220 | D19: =B19-C19 -> 22387 | E19: No substantive linguistic content
A20: X4 | B20: =D19 -> 22387 | C20: 542 | D20: =B20-C20 -> 21845 | E20: Same-user duplicate text
A21: X5 | B21: =D20 -> 21845 | C21: 2425 | D21: =B21-C21 -> 19420 | E21: Template repetitions >=10; mean likes <5
A22: X6 | B22: =D21 -> 19420 | C22: 1174 | D22: =B22-C22 -> 18246 | E22: Topical score 0; length >=15; likes <10

Sheet Category_Frequencies
A2: Recorded category frequencies
A4: Code | B4: Crosswalk level | C4: Recorded category | D4: Recorded count | E4: Proportion | F4: Denominator | H4: Notes
A5: A | B5: strategy | C5: Gender conflict | D5: 90 | E5: =D5/F5 -> 0.004932588 | F5: =Corpus_Flow!$B$6 -> 18246 | H5: Categories overlap; percentages are non-exclusive.
A6: B | B6: strategy | C6: Commercial suspicion | D6: 496 | E6: =D6/F6 -> 0.02718404 | F6: =Corpus_Flow!$B$6 -> 18246 | H6: Counts verify stored A–N labels, not complete contextual validation.
A7: C | B7: strategy | C7: Moralised sexual discourse | D7: 541 | E7: =D7/F7 -> 0.029650334 | F7: =Corpus_Flow!$B$6 -> 18246 | H7: Source: S2 Analytic_Corpus frame_codes_recorded.
A8: D | B8: identity | C8: Masculinity performance | D8: 16 | E8: =D8/F8 -> 0.00087690453 | F8: =Corpus_Flow!$B$6 -> 18246
A9: E | B9: identity | C9: Sexual orientation or MSM labels | D9: 120 | E9: =D9/F9 -> 0.006576784 | F9: =Corpus_Flow!$B$6 -> 18246
A10: F | B10: topic | C10: Safety and side effects | D10: 668 | E10: =D10/F10 -> 0.036610764 | F10: =Corpus_Flow!$B$6 -> 18246
A11: G | B11: topic | C11: Price access and fairness | D11: 891 | E11: =D11/F11 -> 0.048832621 | F11: =Corpus_Flow!$B$6 -> 18246
A12: H | B12: topic | C12: Age vaccine type and indication | D12: 1910 | E12: =D12/F12 -> 0.10468048 | F12: =Corpus_Flow!$B$6 -> 18246
A13: I | B13: identity | C13: Partner responsibility | D13: 1037 | E13: =D13/F13 -> 0.056834375 | F13: =Corpus_Flow!$B$6 -> 18246
A14: J | B14: topic | C14: Evidence and data questions | D14: 236 | E14: =D14/F14 -> 0.012934342 | F14: =Corpus_Flow!$B$6 -> 18246
A15: K | B15: topic | C15: Institutional references | D15: 159 | E15: =D15/F15 -> 0.0087142387 | F15: =Corpus_Flow!$B$6 -> 18246
A16: L | B16: topic | C16: Domestic imported and national references | D16: 349 | E16: =D16/F16 -> 0.01912748 | F16: =Corpus_Flow!$B$6 -> 18246
A17: M | B17: stance | C17: Affirming preventive or educational indicators | D17: 5583 | E17: =D17/F17 -> 0.30598487 | F17: =Corpus_Flow!$B$6 -> 18246
A18: N | B18: stance | C18: Refusal or hesitation | D18: 285 | E18: =D18/F18 -> 0.015619862 | F18: =Corpus_Flow!$B$6 -> 18246

Sheet Monthly_Volume
A2: Monthly source comments
A4: Year month | B4: Source comments | C4: Descriptive phase | D4: Proportion | F4: Phase | G4: Source comments | H4: Proportion
A5: 2025-01 | B5: 4796 | C5: Phase 1 | D5: =B5/Corpus_Flow!$B$5 -> 0.20314287 | F5: Phase 1 | G5: =SUMIF($C$5:$C$25,F5,$B$5:$B$25) -> 6034 | H5: =G5/Corpus_Flow!$B$5 -> 0.2555805
A6: 2025-02 | B6: 319 | C6: Phase 1 | D6: =B6/Corpus_Flow!$B$5 -> 0.013511796 | F6: Phase 2 | G6: =SUMIF($C$5:$C$25,F6,$B$5:$B$25) -> 8805 | H6: =G6/Corpus_Flow!$B$5 -> 0.37295099
A7: 2025-03 | B7: 919 | C7: Phase 1 | D7: =B7/Corpus_Flow!$B$5 -> 0.038925833 | F7: Phase 3 | G7: =SUMIF($C$5:$C$25,F7,$B$5:$B$25) -> 4488 | H7: =G7/Corpus_Flow!$B$5 -> 0.190097
A8: 2025-04 | B8: 6139 | C8: Phase 2 | D8: =B8/Corpus_Flow!$B$5 -> 0.26002796 | F8: Phase 4 | G8: =SUMIF($C$5:$C$25,F8,$B$5:$B$25) -> 4282 | H8: =G8/Corpus_Flow!$B$5 -> 0.18137151
A9: 2025-05 | B9: 54 | C9: Phase 2 | D9: =B9/Corpus_Flow!$B$5 -> 0.0022872633
A10: 2025-06 | B10: 792 | C10: Phase 2 | D10: =B10/Corpus_Flow!$B$5 -> 0.033546529
A11: 2025-07 | B11: 540 | C11: Phase 2 | D11: =B11/Corpus_Flow!$B$5 -> 0.022872633 | F11: Jan 2025 begins on 8 January; Sep 2026 ends on 3 September.
A12: 2025-08 | B12: 42 | C12: Phase 2 | D12: =B12/Corpus_Flow!$B$5 -> 0.0017789826 | F12: Source: S1 Source_Corpus year_month and phase.
A13: 2025-09 | B13: 362 | C13: Phase 2 | D13: =B13/Corpus_Flow!$B$5 -> 0.015333136
A14: 2025-10 | B14: 85 | C14: Phase 2 | D14: =B14/Corpus_Flow!$B$5 -> 0.0036003219
A15: 2025-11 | B15: 675 | C15: Phase 2 | D15: =B15/Corpus_Flow!$B$5 -> 0.028590792
A16: 2025-12 | B16: 116 | C16: Phase 2 | D16: =B16/Corpus_Flow!$B$5 -> 0.0049133805
A17: 2026-01 | B17: 1200 | C17: Phase 3 | D17: =B17/Corpus_Flow!$B$5 -> 0.050828074
A18: 2026-02 | B18: 1409 | C18: Phase 3 | D18: =B18/Corpus_Flow!$B$5 -> 0.05968063
A19: 2026-03 | B19: 1588 | C19: Phase 3 | D19: =B19/Corpus_Flow!$B$5 -> 0.067262485
A20: 2026-04 | B20: 291 | C20: Phase 3 | D20: =B20/Corpus_Flow!$B$5 -> 0.012325808
A21: 2026-05 | B21: 1833 | C21: Phase 4 | D21: =B21/Corpus_Flow!$B$5 -> 0.077639883
A22: 2026-06 | B22: 1086 | C22: Phase 4 | D22: =B22/Corpus_Flow!$B$5 -> 0.045999407
A23: 2026-07 | B23: 1315 | C23: Phase 4 | D23: =B23/Corpus_Flow!$B$5 -> 0.055699098
A24: 2026-08 | B24: 46 | C24: Phase 4 | D24: =B24/Corpus_Flow!$B$5 -> 0.0019484095
A25: 2026-09 | B25: 2 | C25: Phase 4 | D25: =B25/Corpus_Flow!$B$5 -> 8.4713457e-05
A27: Total | B27: =SUM(B5:B25) -> 23609

Sheet Episode_Summary
A2: Counts for the twenty qualitative episodes
A4: Episode | B4: Phase | C4: Source type | D4: Raw comments | E4: Retained comments | F4: Excluded comments | H4: Notes
A5: E1 | B5: Phase 1 | C5: Health-communication KOL | D5: 190 | E5: 175 | F5: 15 | H5: No comment text, parent-post text or account keys are included.
A6: E2 | B6: Phase 1 | C6: Physician KOL | D6: 209 | E6: 168 | F6: 41 | H6: Source: S3 Episodes; all counts exclude parent posts.
A7: E3 | B7: Phase 1 | C7: News aggregator | D7: 346 | E7: 302 | F7: 44
A8: E4 | B8: Phase 1 | C8: Self-media | D8: 28 | E8: 25 | F8: 3
A9: E5 | B9: Phase 1 | C9: Regional news media | D9: 631 | E9: 535 | F9: 96
A10: E6 | B10: Phase 2 | C10: Financial news media | D10: 88 | E10: 77 | F10: 11
A11: E7 | B11: Phase 2 | C11: Nutrition KOL | D11: 92 | E11: 52 | F11: 40
A12: E8 | B12: Phase 2 | C12: Education self-media | D12: 353 | E12: 324 | F12: 29
A13: E9 | B13: Phase 2 | C13: Entertainment self-media | D13: 143 | E13: 104 | F13: 39
A14: E10 | B14: Phase 2 | C14: Overseas-life self-media | D14: 40 | E14: 32 | F14: 8
A15: E11 | B15: Phase 3 | C15: Sports news media | D15: 281 | E15: 244 | F15: 37
A16: E12 | B16: Phase 3 | C16: Entertainment KOL | D16: 423 | E16: 323 | F16: 100
A17: E13 | B17: Phase 3 | C17: Commentary self-media | D17: 23 | E17: 21 | F17: 2
A18: E14 | B18: Phase 3 | C18: Physician | D18: 66 | E18: 52 | F18: 14
... A24: E20 | B24: Phase 4 | C24: Dermatologist | D24: 137 | E24: 112 | F24: 25
A26: Total | D26: =SUM(D5:D24) -> 3732 | E26: =SUM(E5:E24) -> 3133 | F26: =SUM(F5:F24) -> 599

Sheet Overall_Engagement
A2: Overall source like distribution
A4: Measure | B4: Value | C4: Unit | E4: Definitions
A5: Source comments | B5: 23609 | C5: comments | E5: All 23,609 pre-screening comments, including zeros.
A6: Zero-like comments | B6: 18450 | C6: comments | E6: 99th percentile uses linear interpolation.
A7: Zero-like proportion | B7: =B6/B5 -> 0.78148164 | C7: proportion | E7: Mean ln(1 + likes) averages the per-comment natural logarithm.
A8: Median likes | B8: 0 | C8: likes/comment | E8: Likes do not establish agreement, influence or amplification.
A9: Mean likes | B9: 2.1404973 | C9: likes/comment | E9: Source: S1 Source_Corpus like_count.
A10: 99th percentile likes | B10: 33 | C10: likes/comment
A11: Maximum likes | B11: 2756 | C11: likes/comment
A12: Mean ln(1 + likes) | B12: 0.29351669 | C12: natural-log units
A13: Comments with at least 50 likes | B13: 158 | C13: comments
A14: At-least-50-like proportion | B14: =B13/B5 -> 0.0066923631 | C14: proportion
